{"bgm":0.497941315,"se":0.4979414,"brightness":1.0,"camera":0.5}